{"true_labels": [1, 1, 1, 1, 1, 1, 0, 1, 0, 1, 1, 1, 1, 1, 1, 0, 0, 1, 1, 1, 1, 1, 1, 1, 0, 1, 1, 1, 1, 1, 1, 1, 1, 0, 1, 1, 0, 0, 1, 0, 1, 0, 0, 1, 1, 1, 1, 0, 1, 1, 1, 1, 0, 1, 1, 0, 1, 1, 0, 1, 1, 1, 1, 1, 1, 1, 1, 0, 0, 1, 1, 0, 1, 1, 1, 1, 1, 1, 0, 1, 1, 1, 1, 1, 1, 1, 0, 1, 1, 1, 0, 1, 1, 1, 1, 0, 0, 1, 0, 1, 1, 1, 1, 1, 1, 1, 1, 0, 0, 1, 1, 1, 1, 0, 0, 1, 1, 0, 1, 0, 1, 1, 1, 1, 1, 1, 1, 1, 1, 1, 1, 1, 1, 1, 1, 1, 1, 1, 1, 1, 1, 1, 1, 1, 0, 1, 1, 1, 1, 1, 1, 1, 1, 0, 1, 1, 1, 1, 1, 0, 1, 0, 1, 1, 1, 0, 1, 1, 0, 0, 1, 1, 0, 1, 1, 1, 1, 1, 1, 1, 1, 1, 1, 1, 1, 0, 1, 1, 1, 1, 1, 1, 1, 1], "pred_scores": [[0.07939966022968292, 0.9206003546714783], [0.06055130064487457, 0.9394487142562866], [0.00692300358787179, 0.9930770397186279], [0.013983448967337608, 0.986016571521759], [0.010893306694924831, 0.9891067147254944], [0.02550608105957508, 0.9744938611984253], [0.3521053194999695, 0.6478947401046753], [0.009030536748468876, 0.9909694790840149], [0.1818210482597351, 0.8181789517402649], [0.6259872317314148, 0.3740127682685852], [0.006355540361255407, 0.9936444759368896], [0.008307753130793571, 0.991692304611206], [0.7252694368362427, 0.27473050355911255], [0.7529544234275818, 0.24704553186893463], [0.0037430135998874903, 0.996256947517395], [0.2031342089176178, 0.7968658208847046], [0.4735400080680847, 0.5264599919319153], [0.16599255800247192, 0.8340074419975281], [0.29333415627479553, 0.7066658139228821], [0.0037049870006740093, 0.9962950348854065], [0.033781830221414566, 0.9662182331085205], [8.330127457156777e-05, 0.999916672706604], [0.00016870760009624064, 0.9998313188552856], [0.0041652945801615715, 0.9958347082138062], [0.6089161038398743, 0.39108389616012573], [0.011623682454228401, 0.9883763194084167], [0.47579556703567505, 0.524204432964325], [0.022786084562540054, 0.9772138595581055], [0.06749370694160461, 0.932506263256073], [0.7003232836723328, 0.2996767461299896], [0.010048534721136093, 0.9899514317512512], [0.24847114086151123, 0.7515288591384888], [0.21544930338859558, 0.784550666809082], [0.23281873762607574, 0.7671812772750854], [0.005629611201584339, 0.9943704009056091], [0.021469229832291603, 0.9785308241844177], [0.23650921881198883, 0.7634907960891724], [0.45052316784858704, 0.5494767427444458], [0.10939496010541916, 0.8906050324440002], [0.6253222823143005, 0.37467774748802185], [0.0028315894305706024, 0.9971683621406555], [0.8133725523948669, 0.18662743270397186], [0.291391521692276, 0.7086085081100464], [0.760297417640686, 0.239702507853508], [0.002229436533525586, 0.9977705478668213], [0.015947481617331505, 0.9840525388717651], [0.11555242538452148, 0.8844476342201233], [0.45161595940589905, 0.5483840107917786], [0.08433336019515991, 0.9156666398048401], [0.13483528792858124, 0.8651647567749023], [0.06036610156297684, 0.9396339058876038], [0.07750950753688812, 0.9224904775619507], [0.7756309509277344, 0.22436903417110443], [0.7003232836723328, 0.2996767461299896], [0.18434825539588928, 0.8156517744064331], [0.12450337409973145, 0.8754966855049133], [0.010486156679689884, 0.9895138740539551], [0.02685367874801159, 0.9731463193893433], [0.3895154297351837, 0.6104845404624939], [0.42072567343711853, 0.5792742967605591], [0.5094385147094727, 0.49056145548820496], [0.015606009401381016, 0.9843940138816833], [0.7207012176513672, 0.2792988121509552], [0.008122802712023258, 0.9918771982192993], [0.2005048245191574, 0.7994951605796814], [0.8066718578338623, 0.1933281570672989], [0.02318236231803894, 0.9768176078796387], [0.7307215929031372, 0.2692784070968628], [0.8830385208129883, 0.11696144938468933], [0.008952869102358818, 0.9910470843315125], [0.1611727923154831, 0.8388272523880005], [0.06428366899490356, 0.9357163310050964], [0.1467321217060089, 0.8532679080963135], [0.1383756548166275, 0.8616243004798889], [0.19480393826961517, 0.8051960468292236], [0.0913434624671936, 0.9086565375328064], [0.5435262322425842, 0.45647376775741577], [0.06265889108181, 0.9373411536216736], [0.49339205026626587, 0.5066080093383789], [0.632883608341217, 0.36711636185646057], [0.050474897027015686, 0.9495251178741455], [0.5487627983093262, 0.45123717188835144], [0.06894350796937943, 0.931056559085846], [0.6963828206062317, 0.3036171495914459], [0.013888520188629627, 0.9861115217208862], [0.10248231887817383, 0.897517740726471], [0.8148630857467651, 0.18513695895671844], [0.27708011865615845, 0.7229199409484863], [0.004033383447676897, 0.9959666728973389], [0.3935459852218628, 0.6064540147781372], [0.7981190085411072, 0.2018810212612152], [0.06922919303178787, 0.9307708144187927], [0.35767388343811035, 0.6423261165618896], [0.03883706405758858, 0.9611629247665405], [0.06049179658293724, 0.9395082592964172], [0.30190759897232056, 0.6980924010276794], [0.536859929561615, 0.4631401300430298], [0.004901978187263012, 0.9950980544090271], [0.45191487669944763, 0.5480851531028748], [0.23706723749637604, 0.7629328370094299], [0.0034618868958204985, 0.9965381622314453], [0.06514836102724075, 0.9348516464233398], [0.09097272902727127, 0.9090272784233093], [0.012213504873216152, 0.9877865314483643], [0.008487571030855179, 0.9915124773979187], [0.009417240507900715, 0.9905827045440674], [0.1641952097415924, 0.8358047604560852], [0.15879590809345245, 0.841204047203064], [0.45213237404823303, 0.5478675961494446], [0.23157869279384613, 0.7684212923049927], [0.7119315266609192, 0.2880684435367584], [0.10345268249511719, 0.8965473175048828], [0.19465523958206177, 0.8053447604179382], [0.24922382831573486, 0.7507762312889099], [0.7607349753379822, 0.23926497995853424], [0.2930780351161957, 0.7069219350814819], [0.38831111788749695, 0.6116889715194702], [0.2714149057865143, 0.7285850644111633], [0.3825708031654358, 0.6174291968345642], [0.715763509273529, 0.28423652052879333], [0.83944171667099, 0.16055834293365479], [0.6505165100097656, 0.349483460187912], [0.04107637330889702, 0.9589235782623291], [0.0070626880042254925, 0.9929372668266296], [0.1978851556777954, 0.8021147847175598], [0.31786656379699707, 0.6821334362030029], [0.4523133933544159, 0.5476866364479065], [0.15719619393348694, 0.8428037762641907], [0.2797364294528961, 0.7202635407447815], [0.3055322468280792, 0.6944677829742432], [0.007670853286981583, 0.9923291802406311], [0.02647898532450199, 0.9735210537910461], [0.14920905232429504, 0.8507909178733826], [0.019878432154655457, 0.9801216125488281], [0.3201640844345093, 0.6798359155654907], [0.6676173210144043, 0.3323826193809509], [0.17890821397304535, 0.8210917711257935], [0.04287835210561752, 0.9571216106414795], [0.015471563674509525, 0.9845284819602966], [0.1032169759273529, 0.8967830538749695], [0.24976317584514618, 0.7502368092536926], [0.2184375524520874, 0.7815624475479126], [0.044664669781923294, 0.955335259437561], [0.008338119834661484, 0.9916619062423706], [0.36690157651901245, 0.6330983638763428], [0.007246554363518953, 0.9927534461021423], [0.0012232093140482903, 0.9987767338752747], [0.3730076253414154, 0.6269923448562622], [0.03710482642054558, 0.9628951549530029], [0.00024024372396524996, 0.9997597336769104], [0.028398141264915466, 0.9716018438339233], [0.016245437785983086, 0.983754575252533], [0.010283436626195908, 0.9897165894508362], [0.8179486989974976, 0.18205124139785767], [0.35767388343811035, 0.6423261165618896], [0.583111584186554, 0.4168884754180908], [0.1065203845500946, 0.8934796452522278], [0.05167107284069061, 0.948328971862793], [0.13160507380962372, 0.8683949112892151], [0.1831980049610138, 0.8168020248413086], [0.02178642526268959, 0.9782136082649231], [0.5863232612609863, 0.4136766791343689], [0.5062167048454285, 0.49378326535224915], [0.1423797756433487, 0.8576202392578125], [0.0003462057502474636, 0.9996538162231445], [0.7818081378936768, 0.21819186210632324], [0.24500049650669098, 0.7549995183944702], [0.521526575088501, 0.478473424911499], [0.9838922023773193, 0.016107764095067978], [0.3502533733844757, 0.6497466564178467], [0.002761451294645667, 0.9972385168075562], [0.3730076253414154, 0.6269923448562622], 