{"true_labels": [1, 1, 1, 1, 1, 1, 0, 1, 0, 1, 1, 1, 1, 1, 1, 0, 0, 1, 1, 1, 1, 1, 1, 1, 0, 1, 1, 1, 1, 1, 1, 1, 1, 0, 1, 1, 0, 0, 1, 0, 1, 0, 0, 1, 1, 1, 1, 0, 1, 1, 1, 1, 0, 1, 1, 0, 1, 1, 0, 1, 1, 1, 1, 1, 1, 1, 1, 0, 0, 1, 1, 0, 1, 1, 1, 1, 1, 1, 0, 1, 1, 1, 1, 1, 1, 1, 0, 1, 1, 1, 0, 1, 1, 1, 1, 0, 0, 1, 0, 1, 1, 1, 1, 1, 1, 1, 1, 0, 0, 1, 1, 1, 1, 0, 0, 1, 1, 0, 1, 0, 1, 1, 1, 1, 1, 1, 1, 1, 1, 1, 1, 1, 1, 1, 1, 1, 1, 1, 1, 1, 1, 1, 1, 1, 0, 1, 1, 1, 1, 1, 1, 1, 1, 0, 1, 1, 1, 1, 1, 0, 1, 0, 1, 1, 1, 0, 1, 1, 0, 0, 1, 1, 0, 1, 1, 1, 1, 1, 1, 1, 1, 1, 1, 1, 1, 0, 1, 1, 1, 1, 1, 1, 1, 1], "pred_scores": [[0.08483614027500153, 0.9151638746261597], [0.08907435834407806, 0.9109256863594055], [0.005647560581564903, 0.9943524599075317], [0.013960416428744793, 0.9860396385192871], [0.007513701915740967, 0.9924862384796143], [0.04750571772456169, 0.9524943232536316], [0.40496528148651123, 0.595034658908844], [0.01089363545179367, 0.9891063570976257], [0.21850159764289856, 0.7814984321594238], [0.5451016426086426, 0.4548983871936798], [0.005064722616225481, 0.9949353337287903], [0.0073701911605894566, 0.9926297664642334], [0.7112880349159241, 0.28871193528175354], [0.745296835899353, 0.25470322370529175], [0.0025760529097169638, 0.9974240064620972], [0.18568743765354156, 0.8143125176429749], [0.45629391074180603, 0.5437060594558716], [0.13215754926204681, 0.8678424954414368], [0.29077351093292236, 0.7092265486717224], [0.0025169020518660545, 0.9974830746650696], [0.031276896595954895, 0.9687230587005615], [0.00013565240078605711, 0.9998643398284912], [0.0002268706593895331, 0.9997730851173401], [0.00457113329321146, 0.9954288005828857], [0.6951069831848145, 0.30489301681518555], [0.012316976673901081, 0.9876829981803894], [0.5639650821685791, 0.4360349178314209], [0.028898658230900764, 0.9711012840270996], [0.06838157773017883, 0.9316183924674988], [0.6950525641441345, 0.30494746565818787], [0.011284173466265202, 0.9887158274650574], [0.2664257287979126, 0.7335742712020874], [0.2994384467601776, 0.7005615234375], [0.26647263765335083, 0.7335273623466492], [0.008783346973359585, 0.9912166595458984], [0.03210824728012085, 0.9678916931152344], [0.18555407226085663, 0.8144459128379822], [0.41267627477645874, 0.5873237252235413], [0.11362273246049881, 0.8863772749900818], [0.621117115020752, 0.37888282537460327], [0.0024205856025218964, 0.9975793957710266], [0.799004316329956, 0.20099569857120514], [0.19344991445541382, 0.8065500855445862], [0.7277728319168091, 0.2722272276878357], [0.004134076181799173, 0.9958659410476685], [0.02677249163389206, 0.9732275009155273], [0.08158979564905167, 0.9184101819992065], [0.4681905210018158, 0.5318094491958618], [0.05434023216366768, 0.9456597566604614], [0.141531303524971, 0.8584686517715454], [0.05030091479420662, 0.9496990442276001], [0.08467072248458862, 0.9153292179107666], [0.8304868936538696, 0.16951307654380798], [0.6950525641441345, 0.30494746565818787], [0.14561575651168823, 0.8543843030929565], [0.1580742746591568, 0.8419257402420044], [0.0076918574050068855, 0.9923081398010254], [0.022027982398867607, 0.9779720306396484], [0.3655148148536682, 0.6344852447509766], [0.3658790588378906, 0.6341209411621094], [0.5273847579956055, 0.4726153016090393], [0.011594361625611782, 0.988405704498291], [0.755606472492218, 0.2443934977054596], [0.00729780551046133, 0.9927022457122803], [0.16557130217552185, 0.8344286680221558], [0.8329299092292786, 0.16707010567188263], [0.01629934273660183, 0.983700692653656], [0.7164767980575562, 0.28352317214012146], [0.8721096515655518, 0.12789037823677063], [0.010840101167559624, 0.989159882068634], [0.11753490567207336, 0.8824650645256042], [0.057633817195892334, 0.9423661231994629], [0.163475900888443, 0.8365241289138794], [0.17880970239639282, 0.8211902379989624], [0.17797648906707764, 0.8220234513282776], [0.15379810333251953, 0.8462019562721252], [0.4576094150543213, 0.5423905849456787], [0.05463618040084839, 0.9453637599945068], [0.4194141626358032, 0.5805858373641968], [0.6654171347618103, 0.3345828056335449], [0.041859857738018036, 0.9581401348114014], [0.4736018180847168, 0.5263981223106384], [0.062047235667705536, 0.9379528164863586], [0.646278977394104, 0.35372108221054077], [0.012806562706828117, 0.9871934056282043], [0.1344408243894577, 0.8655591607093811], [0.7973255515098572, 0.20267443358898163], [0.19307096302509308, 0.8069289922714233], [0.002995392307639122, 0.9970045685768127], [0.3257763385772705, 0.6742236614227295], [0.7802808880805969, 0.2197190672159195], [0.07473673671483994, 0.9252632856369019], [0.362905889749527, 0.6370941400527954], [0.058688849210739136, 0.9413111209869385], [0.05373385176062584, 0.9462661743164062], [0.2512093186378479, 0.7487907409667969], [0.5696358680725098, 0.430364191532135], [0.007984107360243797, 0.9920158386230469], [0.4551723301410675, 0.5448276400566101], [0.283456951379776, 0.7165430188179016], [0.0023832276929169893, 0.9976167678833008], [0.06290224939584732, 0.9370977878570557], [0.12110211700201035, 0.8788979649543762], [0.019605569541454315, 0.9803944826126099], [0.008020454086363316, 0.9919795989990234], [0.01081156823784113, 0.9891884922981262], [0.14866505563259125, 0.8513349890708923], [0.21182803809642792, 0.7881719470024109], [0.4015536606311798, 0.5984463691711426], [0.31087490916252136, 0.6891250610351562], [0.6784476041793823, 0.3215523362159729], [0.07549311965703964, 0.9245069622993469], [0.20815981924533844, 0.7918401956558228], [0.206902414560318, 0.7930975556373596], [0.7434982061386108, 0.25650179386138916], [0.32466012239456177, 0.675339937210083], [0.4433863162994385, 0.5566136837005615], [0.30984535813331604, 0.6901546716690063], [0.3245983421802521, 0.6754016876220703], [0.6864402890205383, 0.3135596811771393], [0.8319795727729797, 0.16802045702934265], [0.6400482654571533, 0.35995176434516907], [0.0528910756111145, 0.9471089243888855], [0.005803236272186041, 0.9941967725753784], [0.19615676999092102, 0.8038432002067566], [0.27713385224342346, 0.7228661775588989], [0.510895311832428, 0.489104688167572], [0.10858215391635895, 0.8914178013801575], [0.34394046664237976, 0.6560595035552979], [0.30483725666999817, 0.6951627135276794], [0.00616241991519928, 0.9938375353813171], [0.03700140118598938, 0.962998628616333], [0.1498863846063614, 0.850113570690155], [0.02091025561094284, 0.9790897369384766], [0.31488874554634094, 0.6851112246513367], [0.695699155330658, 0.3043009042739868], [0.18626552820205688, 0.8137344717979431], [0.053607359528541565, 0.9463926553726196], [0.022313278168439865, 0.9776867628097534], [0.07604912668466568, 0.9239508509635925], [0.22364817559719086, 0.776351809501648], [0.17630310356616974, 0.8236968517303467], [0.048019979149103165, 0.9519799947738647], [0.011762618087232113, 0.9882374405860901], [0.3219430446624756, 0.6780569553375244], [0.005438119638711214, 0.9945618510246277], [0.0019431017572060227, 0.9980568289756775], [0.3937656581401825, 0.6062343120574951], [0.040353305637836456, 0.9596467614173889], [0.0002991522487718612, 0.9997009038925171], [0.02502327971160412, 0.9749767184257507], [0.011630170978605747, 0.9883698225021362], [0.017690211534500122, 0.9823097586631775], [0.8108252286911011, 0.1891748309135437], [0.362905889749527, 0.6370941400527954], [0.5561689734458923, 0.44383102655410767], [0.11059430986642838, 0.8894057273864746], [0.06504606455564499, 0.9349539875984192], [0.11618699133396149, 0.8838130235671997], [0.1892707496881485, 0.8107292056083679], [0.018287084996700287, 0.9817128777503967], [0.5249595642089844, 0.4750404953956604], [0.442499577999115, 0.5575003623962402], [0.17201068997383118, 0.8279892802238464], [0.000492708059027791, 0.9995073080062866], [0.7561904191970825, 0.2438095211982727], [0.29584836959838867, 0.7041515707969666], [0.5583196878433228, 0.44168034195899963], [0.9755402207374573, 0.024459827691316605], [0.28160360455513, 0.7183963656425476], [0.0024880780838429928, 0.9975118637084961], [0.3937656581401825, 0.6062343120574951], 