{"true_labels": [1, 1, 1, 1, 1, 1, 0, 1, 0, 1, 1, 1, 1, 1, 1, 0, 0, 1, 1, 1, 1, 1, 1, 1, 0, 1, 1, 1, 1, 1, 1, 1, 1, 0, 1, 1, 0, 0, 1, 0, 1, 0, 0, 1, 1, 1, 1, 0, 1, 1, 1, 1, 0, 1, 1, 0, 1, 1, 0, 1, 1, 1, 1, 1, 1, 1, 1, 0, 0, 1, 1, 0, 1, 1, 1, 1, 1, 1, 0, 1, 1, 1, 1, 1, 1, 1, 0, 1, 1, 1, 0, 1, 1, 1, 1, 0, 0, 1, 0, 1, 1, 1, 1, 1, 1, 1, 1, 0, 0, 1, 1, 1, 1, 0, 0, 1, 1, 0, 1, 0, 1, 1, 1, 1, 1, 1, 1, 1, 1, 1, 1, 1, 1, 1, 1, 1, 1, 1, 1, 1, 1, 1, 1, 1, 0, 1, 1, 1, 1, 1, 1, 1, 1, 0, 1, 1, 1, 1, 1, 0, 1, 0, 1, 1, 1, 0, 1, 1, 0, 0, 1, 1, 0, 1, 1, 1, 1, 1, 1, 1, 1, 1, 1, 1, 1, 0, 1, 1, 1, 1, 1, 1, 1, 1], "pred_scores": [[0.1781938374042511, 0.8218061923980713], [0.009471145458519459, 0.9905288815498352], [0.003201413433998823, 0.996798574924469], [0.007020372897386551, 0.9929795861244202], [0.20581552386283875, 0.7941844463348389], [0.002200197894126177, 0.997799813747406], [0.02609047293663025, 0.9739094972610474], [0.004756635520607233, 0.9952433705329895], [0.0559878796339035, 0.9440121650695801], [0.04989516735076904, 0.9501048922538757], [0.014970047399401665, 0.9850299954414368], [0.004701854195445776, 0.9952982068061829], [0.2262614220380783, 0.7737385630607605], [0.030346538871526718, 0.9696534872055054], [0.01742676831781864, 0.9825732111930847], [0.013431539759039879, 0.9865684509277344], [0.40277329087257385, 0.5972266793251038], [0.0862932801246643, 0.9137067198753357], [0.6868290305137634, 0.31317099928855896], [0.003160073421895504, 0.9968398809432983], [0.003176542464643717, 0.9968234300613403], [0.006417221389710903, 0.9935827851295471], [0.0009892130037769675, 0.9990108013153076], [0.08114445209503174, 0.9188555479049683], [0.481797993183136, 0.5182020664215088], [0.08078606426715851, 0.9192140102386475], [0.35158708691596985, 0.6484129428863525], [0.04676379635930061, 0.9532361626625061], [0.009909309446811676, 0.9900907278060913], [0.24475722014904022, 0.7552427649497986], [0.021169932559132576, 0.978830099105835], [0.2953687310218811, 0.7046312093734741], [0.16369643807411194, 0.8363035321235657], [0.43790480494499207, 0.5620951652526855], [0.0183577761054039, 0.9816422462463379], [0.0709138736128807, 0.9290860891342163], [0.0593450665473938, 0.9406548738479614], [0.5145922303199768, 0.4854077994823456], [0.031788114458322525, 0.9682118892669678], [0.3866448700428009, 0.6133551597595215], [0.2156059741973877, 0.7843940258026123], [0.03556128591299057, 0.9644387364387512], [0.0745556429028511, 0.9254443645477295], [0.3090020716190338, 0.6909978985786438], [0.00317843328230083, 0.9968215227127075], [0.012882440350949764, 0.98711758852005], [0.037376418709754944, 0.9626235961914062], [0.04856405779719353, 0.951435923576355], [0.012186719104647636, 0.9878132343292236], [0.0513203926384449, 0.9486795663833618], [0.0028463085182011127, 0.997153639793396], [0.004887127783149481, 0.9951128363609314], [0.15466301143169403, 0.8453370332717896], [0.24475722014904022, 0.7552427649497986], [0.04314908757805824, 0.9568509459495544], [0.05122591182589531, 0.9487740993499756], [0.012749521061778069, 0.9872504472732544], [0.0016968295676633716, 0.9983031749725342], [0.05923870950937271, 0.9407613277435303], [0.18953856825828552, 0.8104614019393921], [0.20268546044826508, 0.7973145246505737], [0.02935025468468666, 0.9706497192382812], [0.0861961841583252, 0.9138038754463196], [0.015820447355508804, 0.9841795563697815], [0.006462773308157921, 0.9935372471809387], [0.3572428822517395, 0.6427571177482605], [0.013373141176998615, 0.9866268038749695], [0.553584098815918, 0.44641590118408203], [0.11154463142156601, 0.888455331325531], [0.018060974776744843, 0.9819390177726746], [0.24168820679187775, 0.7583118081092834], [0.09134361147880554, 0.9086564183235168], [0.25760141015052795, 0.7423985600471497], [0.06349656730890274, 0.9365034699440002], [0.12263369560241699, 0.877366304397583], [0.03141035512089729, 0.9685896039009094], [0.3431887626647949, 0.6568112373352051], [0.011550083756446838, 0.9884499311447144], [0.10635752975940704, 0.8936425447463989], [0.1773853302001953, 0.8226146697998047], [0.2463373988866806, 0.7536625862121582], [0.044936083257198334, 0.9550638794898987], [0.251130610704422, 0.7488692998886108], [0.027701549232006073, 0.9722984433174133], [0.008377145044505596, 0.9916228652000427], [0.03005833551287651, 0.9699416160583496], [0.16579876840114594, 0.8342012166976929], [0.2923019230365753, 0.7076981067657471], [0.0063930656760931015, 0.9936069250106812], [0.6452649235725403, 0.3547350764274597], [0.4746391475200653, 0.5253609418869019], [0.02767282910645008, 0.9723271727561951], [0.3929618000984192, 0.6070381999015808], [0.017708979547023773, 0.9822909832000732], [0.15245617926120758, 0.8475437760353088], [0.16595715284347534, 0.8340428471565247], [0.19331511855125427, 0.8066849112510681], [0.006191572640091181, 0.9938084483146667], [0.32786327600479126, 0.6721367239952087], [0.06614222377538681, 0.9338577389717102], [0.012110901065170765, 0.9878891110420227], [0.015058093704283237, 0.984941840171814], [0.006347715388983488, 0.9936522245407104], [0.009063906967639923, 0.9909361004829407], [0.03249301016330719, 0.967507004737854], [0.003337536472827196, 0.9966624975204468], [0.049385350197553635, 0.9506146907806396], [0.38666650652885437, 0.6133334636688232], [0.22084969282150269, 0.7791503071784973], [0.130062535405159, 0.8699374794960022], [0.07629755139350891, 0.9237024188041687], [0.03657650575041771, 0.9634234309196472], [0.3554108738899231, 0.6445891261100769], [0.137485533952713, 0.8625144958496094], [0.14949549734592438, 0.8505045771598816], [0.10205378383398056, 0.8979461789131165], [0.10020068287849426, 0.8997993469238281], [0.1347155123949051, 0.8652845025062561], [0.09015732258558273, 0.9098427295684814], [0.36182063817977905, 0.638179361820221], [0.1898372620344162, 0.8101627230644226], [0.06093967333436012, 0.9390603303909302], [0.0077200098894536495, 0.9922800064086914], [0.019558997824788094, 0.9804409742355347], [0.08132237195968628, 0.9186776280403137], [0.14051473140716553, 0.8594852685928345], [0.10801547020673752, 0.8919845223426819], [0.009528283961117268, 0.9904717206954956], [0.018979962915182114, 0.9810200333595276], [0.10634274780750275, 0.8936572670936584], [0.013526256196200848, 0.986473798751831], [0.008333464153110981, 0.9916664958000183], [0.017809877172112465, 0.9821901321411133], [0.0037351413629949093, 0.9962648749351501], [0.5552641153335571, 0.44473591446876526], [0.07598486542701721, 0.9240151643753052], [0.04373858869075775, 0.956261396408081], [0.0029053823091089725, 0.9970946311950684], [0.015656787902116776, 0.9843431711196899], [0.07123847305774689, 0.9287616014480591], [0.03520062193274498, 0.9647993445396423], [0.6333106756210327, 0.3666893243789673], [0.007517799269407988, 0.9924821257591248], [0.015941331163048744, 0.984058678150177], [0.12191080302000046, 0.878089189529419], [0.019314542412757874, 0.9806854724884033], [0.008473393507301807, 0.9915266633033752], [0.2541556656360626, 0.745844304561615], [0.011656212620437145, 0.9883437156677246], [0.003426617942750454, 0.9965734481811523], [0.005639960989356041, 0.9943600296974182], [0.006214586086571217, 0.9937853813171387], [0.006084582768380642, 0.9939153790473938], [0.19390615820884705, 0.8060938119888306], [0.3929618000984192, 0.6070381999015808], [0.33835968375205994, 0.6616402864456177], [0.01985739916563034, 0.9801425933837891], [0.008209173567593098, 0.991790771484375], [0.3860260546207428, 0.6139739155769348], [0.3230211138725281, 0.6769788861274719], [0.015082256868481636, 0.9849177002906799], [0.07828404754400253, 0.9217159748077393], [0.1628214716911316, 0.8371784687042236], [0.040525902062654495, 0.9594740867614746], [0.00341615523211658, 0.9965838193893433], [0.10682906210422516, 0.893170952796936], [0.07661198079586029, 0.9233880043029785], [0.03142121061682701, 0.9685787558555603], [0.2442445158958435, 0.7557554841041565], [0.40263035893440247, 0.5973696112632751], [0.015471968799829483, 0.9845280051231384], [0.2541556656360626, 