{"true_labels": [1, 1, 1, 1, 1, 1, 0, 1, 0, 1, 1, 1, 1, 1, 1, 0, 0, 1, 1, 1, 1, 1, 1, 1, 0, 1, 1, 1, 1, 1, 1, 1, 1, 0, 1, 1, 0, 0, 1, 0, 1, 0, 0, 1, 1, 1, 1, 0, 1, 1, 1, 1, 0, 1, 1, 0, 1, 1, 0, 1, 1, 1, 1, 1, 1, 1, 1, 0, 0, 1, 1, 0, 1, 1, 1, 1, 1, 1, 0, 1, 1, 1, 1, 1, 1, 1, 0, 1, 1, 1, 0, 1, 1, 1, 1, 0, 0, 1, 0, 1, 1, 1, 1, 1, 1, 1, 1, 0, 0, 1, 1, 1, 1, 0, 0, 1, 1, 0, 1, 0, 1, 1, 1, 1, 1, 1, 1, 1, 1, 1, 1, 1, 1, 1, 1, 1, 1, 1, 1, 1, 1, 1, 1, 1, 0, 1, 1, 1, 1, 1, 1, 1, 1, 0, 1, 1, 1, 1, 1, 0, 1, 0, 1, 1, 1, 0, 1, 1, 0, 0, 1, 1, 0, 1, 1, 1, 1, 1, 1, 1, 1, 1, 1, 1, 1, 0, 1, 1, 1, 1, 1, 1, 1, 1], "pred_scores": [[0.10284669697284698, 0.8971533179283142], [0.11062350869178772, 0.8893765211105347], [0.007054727058857679, 0.9929452538490295], [0.025428323075175285, 0.9745716452598572], [0.008692890405654907, 0.9913070797920227], [0.052532635629177094, 0.9474673867225647], [0.4016598165035248, 0.5983401536941528], [0.00999890360981226, 0.9900010824203491], [0.2393876314163208, 0.7606123685836792], [0.6285061836242676, 0.37149375677108765], [0.0060083745047450066, 0.9939915537834167], [0.01439620554447174, 0.9856038093566895], [0.7569694519042969, 0.24303053319454193], [0.8173365592956543, 0.18266341090202332], [0.003940696828067303, 0.9960592985153198], [0.19027626514434814, 0.8097237944602966], [0.45253053307533264, 0.5474694967269897], [0.16332578659057617, 0.8366742134094238], [0.2915503978729248, 0.7084496021270752], [0.00540925981476903, 0.9945907592773438], [0.049189962446689606, 0.9508100152015686], [0.0001435875310562551, 0.9998563528060913], [0.0003367710451129824, 0.999663233757019], [0.007831938564777374, 0.9921680092811584], [0.6953254342079163, 0.30467453598976135], [0.018617024645209312, 0.9813829064369202], [0.5977528095245361, 0.40224725008010864], [0.07206413894891739, 0.9279358983039856], [0.08919784426689148, 0.9108021259307861], [0.798045814037323, 0.2019542008638382], [0.010797006078064442, 0.9892030358314514], [0.3256312310695648, 0.6743687987327576], [0.41275671124458313, 0.587243378162384], [0.35919925570487976, 0.6408007144927979], [0.013330478221178055, 0.9866695404052734], [0.025246916338801384, 0.9747530817985535], [0.23388050496578217, 0.7661194205284119], [0.5055777430534363, 0.49442222714424133], [0.1342894583940506, 0.8657105565071106], [0.6429327130317688, 0.3570673167705536], [0.010005850344896317, 0.9899942278862], [0.8415244221687317, 0.15847566723823547], [0.2748914062976837, 0.7251085042953491], [0.7891474962234497, 0.21085244417190552], [0.004756440874189138, 0.995243489742279], [0.01951088011264801, 0.9804891347885132], [0.11047501116991043, 0.8895249366760254], [0.5209819674491882, 0.47901803255081177], [0.11770182847976685, 0.8822981715202332], [0.1377382129430771, 0.8622618317604065], [0.06477082520723343, 0.9352291226387024], [0.1159779280424118, 0.884022057056427], [0.8393731713294983, 0.1606268435716629], [0.798045814037323, 0.2019542008638382], [0.2216702699661255, 0.7783297896385193], [0.156459778547287, 0.8435402512550354], [0.02048317715525627, 0.979516863822937], [0.04060181975364685, 0.9593981504440308], [0.4305695593357086, 0.5694303512573242], [0.45088258385658264, 0.5491174459457397], [0.6054197549819946, 0.39458027482032776], [0.02783007174730301, 0.9721698760986328], [0.7835870385169983, 0.2164129763841629], [0.015161468647420406, 0.9848384857177734], [0.24059699475765228, 0.7594029903411865], [0.8495054244995117, 0.1504945605993271], [0.02435094676911831, 0.9756490588188171], [0.7414507865905762, 0.25854918360710144], [0.8808635473251343, 0.11913644522428513], [0.013683941215276718, 0.9863160252571106], [0.16065648198127747, 0.8393434882164001], [0.07807064056396484, 0.9219294190406799], [0.1878957748413086, 0.8121042251586914], [0.19904769957065582, 0.8009523153305054], [0.23991724848747253, 0.7600827813148499], [0.12901024520397186, 0.8709897994995117], [0.6478010416030884, 0.352198988199234], [0.05760493502020836, 0.942395031452179], [0.5008524060249329, 0.49914756417274475], [0.7650375366210938, 0.23496247828006744], [0.07121125608682632, 0.9287887215614319], [0.5596087574958801, 0.4403912425041199], [0.08921439945697784, 0.9107856154441833], [0.7148153185844421, 0.28518471121788025], [0.018501250073313713, 0.9814987778663635], [0.11551076918840408, 0.8844892382621765], [0.8252637386322021, 0.17473621666431427], [0.25781646370887756, 0.7421835064888], [0.005997037515044212, 0.9940029978752136], [0.49957460165023804, 0.5004254579544067], [0.8321599960327148, 0.16784000396728516], [0.09828770905733109, 0.9017122983932495], [0.47432518005371094, 0.5256748199462891], [0.08949840068817139, 0.9105015993118286], [0.06966545432806015, 0.9303345680236816], [0.29050254821777344, 0.7094974517822266], [0.625761866569519, 0.37423810362815857], [0.008982792496681213, 0.99101722240448], [0.4485761225223541, 0.5514238476753235], [0.2957388460636139, 0.7042611241340637], [0.004376666620373726, 0.9956232905387878], [0.08722282201051712, 0.9127772450447083], [0.104503333568573, 0.895496666431427], [0.018539248034358025, 0.9814607501029968], [0.021148962900042534, 0.9788510799407959], [0.014482138678431511, 0.9855178594589233], [0.19615775346755981, 0.8038422465324402], [0.2386087328195572, 0.761391282081604], [0.5535634160041809, 0.44643664360046387], [0.2833578288555145, 0.7166421413421631], [0.7184022665023804, 0.281597763299942], [0.09447602927684784, 0.905523955821991], [0.21099995076656342, 0.7890000939369202], [0.2734864056110382, 0.7265136241912842], [0.7811536192893982, 0.218846395611763], [0.32728520035743713, 0.6727147698402405], [0.47830745577812195, 0.5216925144195557], [0.36119934916496277, 0.6388006210327148], [0.37906646728515625, 0.6209335327148438], [0.7621891498565674, 0.237810879945755], [0.8273718953132629, 0.17262805998325348], [0.7317427396774292, 0.2682573199272156], [0.06803049892187119, 0.9319694638252258], [0.009662584401667118, 0.9903374910354614], [0.23194752633571625, 0.7680525183677673], [0.40074145793914795, 0.599258542060852], [0.5273200869560242, 0.47267991304397583], [0.13067568838596344, 0.8693243861198425], [0.3401048183441162, 0.6598952412605286], [0.3444257080554962, 0.6555742621421814], [0.010895130224525928, 0.9891048073768616], [0.06621908396482468, 0.9337809681892395], [0.17552976310253143, 0.8244702219963074], [0.03416438400745392, 0.9658356308937073], [0.3842723071575165, 0.6157276034355164], [0.7010110020637512, 0.29898902773857117], [0.2185579538345337, 0.7814421057701111], [0.04721052199602127, 0.9527894854545593], [0.03348156437277794, 0.9665184617042542], [0.10954221338033676, 0.8904577493667603], [0.26725780963897705, 0.732742190361023], [0.26643049716949463, 0.7335695028305054], [0.07942342013120651, 0.9205766320228577], [0.015506763011217117, 0.9844932556152344], [0.4144726097583771, 0.5855273604393005], [0.007325260899960995, 0.9926747679710388], [0.0021050339564681053, 0.9978949427604675], [0.441678524017334, 0.558321475982666], [0.07949250191450119, 0.9205074906349182], [0.0003018498537130654, 0.9996981620788574], [0.02267119288444519, 0.9773288369178772], [0.01790815033018589, 0.9820918440818787], [0.014399168081581593, 0.9856007695198059], [0.8436529040336609, 0.1563471108675003], [0.47432518005371094, 0.5256748199462891], [0.645835816860199, 0.3541642129421234], [0.12159015238285065, 0.8784098029136658], [0.07400551438331604, 0.9259944558143616], [0.15892630815505981, 0.8410736918449402], [0.19810110330581665, 0.8018988966941833], [0.026353072375059128, 0.9736469388008118], [0.6719419956207275, 0.3280579745769501], [0.5135529637336731, 0.4864470958709717], [0.1875779777765274, 0.812421977519989], [0.0005868406151421368, 0.9994131326675415], [0.8056841492652893, 0.19431577622890472], [0.2873372435569763, 0.7126627564430237], [0.5864877104759216, 0.4135122001171112], [0.9821816086769104, 0.017818395048379898], [0.3519887924194336, 0.6480112671852112], [0.003821822814643383, 0.996178150177002], [0.441678524017334, 0.558321475982666], [0.2748379409313202, 