{"true_labels": [1, 1, 1, 1, 1, 1, 0, 1, 0, 1, 1, 1, 1, 1, 1, 0, 0, 1, 1, 1, 1, 1, 1, 1, 0, 1, 1, 1, 1, 1, 1, 1, 1, 0, 1, 1, 0, 0, 1, 0, 1, 0, 0, 1, 1, 1, 1, 0, 1, 1, 1, 1, 0, 1, 1, 0, 1, 1, 0, 1, 1, 1, 1, 1, 1, 1, 1, 0, 0, 1, 1, 0, 1, 1, 1, 1, 1, 1, 0, 1, 1, 1, 1, 1, 1, 1, 0, 1, 1, 1, 0, 1, 1, 1, 1, 0, 0, 1, 0, 1, 1, 1, 1, 1, 1, 1, 1, 0, 0, 1, 1, 1, 1, 0, 0, 1, 1, 0, 1, 0, 1, 1, 1, 1, 1, 1, 1, 1, 1, 1, 1, 1, 1, 1, 1, 1, 1, 1, 1, 1, 1, 1, 1, 1, 0, 1, 1, 1, 1, 1, 1, 1, 1, 0, 1, 1, 1, 1, 1, 0, 1, 0, 1, 1, 1, 0, 1, 1, 0, 0, 1, 1, 0, 1, 1, 1, 1, 1, 1, 1, 1, 1, 1, 1, 1, 0, 1, 1, 1, 1, 1, 1, 1, 1], "pred_scores": [[0.09368488192558289, 0.9063150882720947], [0.08106563240289688, 0.9189343452453613], [0.005494886543601751, 0.9945051074028015], [0.015236510895192623, 0.9847634434700012], [0.007873905822634697, 0.9921261072158813], [0.05119332671165466, 0.9488067030906677], [0.3961807191371918, 0.6038192510604858], [0.011844594962894917, 0.9881553649902344], [0.19147838652133942, 0.8085216879844666], [0.6479080319404602, 0.3520919382572174], [0.008128882385790348, 0.9918711185455322], [0.009123391471803188, 0.9908766150474548], [0.7547288537025452, 0.24527114629745483], [0.8309879899024963, 0.1690119355916977], [0.004116674419492483, 0.9958833456039429], [0.2083478569984436, 0.7916521430015564], [0.5000877380371094, 0.4999122619628906], [0.1783694177865982, 0.8216305375099182], [0.3299707770347595, 0.6700292229652405], [0.0038314037956297398, 0.9961685538291931], [0.04548928514122963, 0.9545107483863831], [8.261083712568507e-05, 0.9999173879623413], [0.0003594807058107108, 0.9996404647827148], [0.005910595413297415, 0.9940894842147827], [0.6336642503738403, 0.36633577942848206], [0.012515313923358917, 0.9874846339225769], [0.5818256139755249, 0.4181743860244751], [0.04983782768249512, 0.9501621127128601], [0.07703938335180283, 0.9229605793952942], [0.7587847113609314, 0.2412153035402298], [0.009864567779004574, 0.9901354908943176], [0.2961013913154602, 0.7038986682891846], [0.3439949154853821, 0.6560050845146179], [0.28745168447494507, 0.7125483155250549], [0.007130730431526899, 0.9928693175315857], [0.02741844207048416, 0.9725815057754517], [0.3006477355957031, 0.6993522644042969], [0.5390369296073914, 0.46096304059028625], [0.14747899770736694, 0.8525210022926331], [0.6642638444900513, 0.33573612570762634], [0.006004380993545055, 0.9939956068992615], [0.8200103044509888, 0.17998968064785004], [0.31316840648651123, 0.6868315935134888], [0.8070539236068726, 0.19294612109661102], [0.0036820790264755487, 0.9963178634643555], [0.022258024662733078, 0.9777420163154602], [0.13234998285770416, 0.867650032043457], [0.5260684490203857, 0.47393152117729187], [0.07883540540933609, 0.9211645722389221], [0.13437522947788239, 0.8656247854232788], [0.06059184670448303, 0.9394081830978394], [0.08946656435728073, 0.9105334281921387], [0.8247876167297363, 0.1752123385667801], [0.7587847113609314, 0.2412153035402298], [0.17467746138572693, 0.8253225684165955], [0.17180177569389343, 0.828198254108429], [0.014235199429094791, 0.9857648015022278], [0.022163432091474533, 0.9778366088867188], [0.4233775734901428, 0.5766224265098572], [0.45083823800086975, 0.5491617321968079], [0.5672711730003357, 0.43272873759269714], [0.014136807061731815, 0.9858631491661072], [0.7736695408821106, 0.2263304740190506], [0.00834118016064167, 0.9916588664054871], [0.25766363739967346, 0.7423363327980042], [0.8258149027824402, 0.17418503761291504], [0.028070883825421333, 0.9719290733337402], [0.7509229779243469, 0.24907700717449188], [0.885975182056427, 0.1140248104929924], [0.00930824875831604, 0.9906917214393616], [0.15455947816371918, 0.8454405069351196], [0.07098909467458725, 0.9290109276771545], [0.1688026785850525, 0.8311973214149475], [0.15989282727241516, 0.8401072025299072], [0.24439145624637604, 0.7556085586547852], [0.13737057149410248, 0.8626294136047363], [0.6180554032325745, 0.38194456696510315], [0.05944434553384781, 0.9405556321144104], [0.5263988375663757, 0.4736011326313019], [0.6996111869812012, 0.30038878321647644], [0.05582786723971367, 0.9441721439361572], [0.5906741619110107, 0.40932583808898926], [0.08544956892728806, 0.9145504832267761], [0.713123619556427, 0.2868763506412506], [0.01752627268433571, 0.9824736714363098], [0.11350047588348389, 0.8864995241165161], [0.8042891025543213, 0.19571097195148468], [0.2874106168746948, 0.7125893831253052], [0.004089131951332092, 0.9959108829498291], [0.48242756724357605, 0.5175724625587463], [0.8192316293716431, 0.18076841533184052], [0.09460660815238953, 0.9053933620452881], [0.42454519867897034, 0.575454831123352], [0.07813771069049835, 0.9218623638153076], [0.07465673983097076, 0.9253432750701904], [0.36894071102142334, 0.6310592889785767], [0.5683951377868652, 0.43160486221313477], [0.005673328414559364, 0.994326651096344], [0.46276336908340454, 0.5372366309165955], [0.2703574001789093, 0.7296426296234131], [0.004219961818307638, 0.9957799911499023], [0.08115105330944061, 0.9188488721847534], [0.09092050790786743, 0.9090794324874878], [0.02617165446281433, 0.9738283157348633], [0.009266884066164494, 0.9907331466674805], [0.012347538024187088, 0.9876524209976196], [0.18181057274341583, 0.8181893825531006], [0.22553826868534088, 0.7744617462158203], [0.5228666663169861, 0.4771333634853363], [0.24946379661560059, 0.7505362033843994], [0.7411386966705322, 0.258861243724823], [0.09894097596406937, 0.9010590314865112], [0.21798647940158844, 0.7820135951042175], [0.25897857546806335, 0.7410213947296143], [0.8159185647964478, 0.18408145010471344], [0.33935901522636414, 0.6606410145759583], [0.4119146168231964, 0.588085412979126], [0.3901367783546448, 0.6098632216453552], [0.35036414861679077, 0.6496358513832092], [0.7470135688781738, 0.25298643112182617], [0.8442397117614746, 0.1557602733373642], [0.706369161605835, 0.29363080859184265], [0.05639074370265007, 0.9436092376708984], [0.008939052931964397, 0.9910609126091003], [0.21808861196041107, 0.7819113731384277], [0.35236790776252747, 0.6476320624351501], [0.5378119945526123, 0.46218791604042053], [0.1457672417163849, 0.8542327284812927], [0.3002077639102936, 0.699792206287384], [0.33680692315101624, 0.6631931066513062], [0.007921495474874973, 0.9920784831047058], [0.03989792987704277, 0.9601020812988281], [0.15134233236312866, 0.8486577272415161], [0.028798937797546387, 0.9712010025978088], [0.34581393003463745, 0.6541860699653625], [0.7033141851425171, 0.2966858446598053], [0.2122126668691635, 0.7877873778343201], [0.051702212542295456, 0.9482977986335754], [0.030060432851314545, 0.9699395895004272], [0.10474209487438202, 0.8952579498291016], [0.25175926089286804, 0.7482407689094543], [0.27986833453178406, 0.7201316952705383], [0.04910477250814438, 0.9508951902389526], [0.011280008591711521, 0.9887199997901917], [0.4278395175933838, 0.5721604228019714], [0.008915301412343979, 0.9910846948623657], [0.0016996217891573906, 0.9983003735542297], [0.395184725522995, 0.6048153042793274], [0.042522698640823364, 0.9574772715568542], [0.00023717373551335186, 0.9997628331184387], [0.02835429273545742, 0.971645712852478], [0.01746397651731968, 0.9825360774993896], [0.014670097269117832, 0.9853298664093018], [0.8221986889839172, 0.17780128121376038], [0.42454519867897034, 0.575454831123352], [0.6479538679122925, 0.35204610228538513], [0.12333418428897858, 0.8766657710075378], [0.07259101420640945, 0.9274089932441711], [0.15581640601158142, 0.844183623790741], [0.19100211560726166, 0.8089978694915771], [0.025481227785348892, 0.9745187759399414], [0.6541882157325745, 0.34581175446510315], [0.48646628856658936, 0.5135337114334106], [0.18777869641780853, 0.812221348285675], [0.0004965906264260411, 0.9995033740997314], [0.821564793586731, 0.17843517661094666], [0.28417032957077026, 0.7158297300338745], [0.5599468946456909, 0.4400530755519867], [0.9825649261474609, 0.01743508316576481], [0.34336331486701965, 0.6566367745399475], [0.0023919653613120317, 0.9976080656051636], [0.395184725522995, 