{"true_labels": [1, 1, 1, 1, 1, 1, 0, 1, 0, 1, 1, 1, 1, 1, 1, 0, 0, 1, 1, 1, 1, 1, 1, 1, 0, 1, 1, 1, 1, 1, 1, 1, 1, 0, 1, 1, 0, 0, 1, 0, 1, 0, 0, 1, 1, 1, 1, 0, 1, 1, 1, 1, 0, 1, 1, 0, 1, 1, 0, 1, 1, 1, 1, 1, 1, 1, 1, 0, 0, 1, 1, 0, 1, 1, 1, 1, 1, 1, 0, 1, 1, 1, 1, 1, 1, 1, 0, 1, 1, 1, 0, 1, 1, 1, 1, 0, 0, 1, 0, 1, 1, 1, 1, 1, 1, 1, 1, 0, 0, 1, 1, 1, 1, 0, 0, 1, 1, 0, 1, 0, 1, 1, 1, 1, 1, 1, 1, 1, 1, 1, 1, 1, 1, 1, 1, 1, 1, 1, 1, 1, 1, 1, 1, 1, 0, 1, 1, 1, 1, 1, 1, 1, 1, 0, 1, 1, 1, 1, 1, 0, 1, 0, 1, 1, 1, 0, 1, 1, 0, 0, 1, 1, 0, 1, 1, 1, 1, 1, 1, 1, 1, 1, 1, 1, 1, 0, 1, 1, 1, 1, 1, 1, 1, 1], "pred_scores": [[0.5711157321929932, 0.42888423800468445], [0.025461319833993912, 0.9745386838912964], [0.031648244708776474, 0.9683517813682556], [0.038184892386198044, 0.9618151187896729], [0.016245294362306595, 0.9837546944618225], [0.010817295871675014, 0.9891827702522278], [0.09378033131361008, 0.9062196612358093], [0.14860554039478302, 0.851394534111023], [0.12883275747299194, 0.8711672425270081], [0.20409280061721802, 0.795907199382782], [0.045207586139440536, 0.9547924399375916], [0.01086121704429388, 0.9891387820243835], [0.17044344544410706, 0.8295564651489258], [0.5260663628578186, 0.473933607339859], [0.0283381175249815, 0.9716619253158569], [0.14625558257102966, 0.8537444472312927], [0.7417548894882202, 0.2582450807094574], [0.08932115882635117, 0.9106788635253906], [0.5257729887962341, 0.47422707080841064], [0.04268989711999893, 0.957310140132904], [0.0430508628487587, 0.9569490551948547], [0.0007949193241074681, 0.9992050528526306], [0.0001411070697940886, 0.9998588562011719], [0.007261141203343868, 0.9927389025688171], [0.47501835227012634, 0.5249816179275513], [0.00675550801679492, 0.993244469165802], [0.1613284945487976, 0.8386715054512024], [0.048605211079120636, 0.95139479637146], [0.040865782648324966, 0.9591342210769653], [0.4213969111442566, 0.5786030888557434], [0.014717684127390385, 0.985282301902771], [0.38165971636772156, 0.6183403134346008], [0.5455385446548462, 0.4544614255428314], [0.0766538754105568, 0.9233461618423462], [0.0016497154720127583, 0.9983502626419067], [0.06295040994882584, 0.9370495080947876], [0.09603020548820496, 0.9039697647094727], [0.7231837511062622, 0.2768162786960602], [0.061851706355810165, 0.9381483197212219], [0.22436226904392242, 0.7756378054618835], [0.004579329397529364, 0.9954206347465515], [0.3192380666732788, 0.6807619333267212], [0.17056283354759216, 0.8294371366500854], [0.27128878235816956, 0.7287111878395081], [0.01113166194409132, 0.9888683557510376], [0.06353017687797546, 0.9364697933197021], [0.10216852277517319, 0.8978314399719238], [0.611196756362915, 0.38880324363708496], [0.034988150000572205, 0.9650118947029114], [0.258295476436615, 0.7417044639587402], [0.050343867391347885, 0.9496561288833618], [0.030463580042123795, 0.9695363640785217], [0.3568260967731476, 0.6431739926338196], [0.4213969111442566, 0.5786030888557434], [0.04116305708885193, 0.9588369131088257], [0.07903192937374115, 0.9209680557250977], [0.08416911959648132, 0.9158309102058411], [0.14487789571285248, 0.8551221489906311], [0.14480233192443848, 0.8551976680755615], [0.36956921219825745, 0.6304308176040649], [0.4819023311138153, 0.5180976986885071], [0.024087540805339813, 0.9759125113487244], [0.4820850193500519, 0.5179150104522705], [0.009970627725124359, 0.9900293946266174], [0.0841175839304924, 0.915882408618927], [0.6861921548843384, 0.31380781531333923], [0.030405864119529724, 0.9695941805839539], [0.4346688687801361, 0.5653311610221863], [0.43970346450805664, 0.5602965354919434], [0.02068852260708809, 0.9793115258216858], [0.3728786110877991, 0.6271213889122009], [0.09506396949291229, 0.9049360752105713], [0.21951213479042053, 0.7804878950119019], [0.13129086792469025, 0.868709146976471], [0.12820342183113098, 0.8717965483665466], [0.02011965960264206, 0.9798803925514221], [0.4211105406284332, 0.5788894295692444], [0.09079436957836151, 0.9092055559158325], [0.3675636947154999, 0.6324363350868225], [0.359263151884079, 0.6407368183135986], [0.03512795269489288, 0.9648720026016235], [0.24310383200645447, 0.7568961977958679], [0.10994883626699448, 0.8900511860847473], [0.16150516271591187, 0.8384948968887329], [0.12897714972496033, 0.8710228800773621], [0.16211622953414917, 0.8378837704658508], [0.5098598599433899, 0.4901401102542877], [0.5223249793052673, 0.4776749610900879], [0.013170870952308178, 0.9868291020393372], [0.5873399972915649, 0.41266000270843506], [0.8978923559188843, 0.10210765898227692], [0.05773176625370979, 0.9422682523727417], [0.2579132914543152, 0.7420867681503296], [0.07374899834394455, 0.9262509942054749], [0.37024709582328796, 0.6297529339790344], [0.08757679164409637, 0.9124231934547424], [0.5213141441345215, 0.47868582606315613], [0.019801177084445953, 0.9801988005638123], [0.5114272832870483, 0.48857277631759644], [0.29316067695617676, 0.7068393230438232], [0.03230653703212738, 0.9676935076713562], [0.05500069260597229, 0.9449993371963501], [0.0834447517991066, 0.9165552854537964], [0.034142736345529556, 0.9658573269844055], [0.04885603114962578, 0.9511440396308899], [0.020913125947117805, 0.9790868759155273], [0.30609121918678284, 0.6939088106155396], [0.16180044412612915, 0.8381995558738708], [0.18235154449939728, 0.8176484704017639], [0.31109216809272766, 0.6889078617095947], [0.48041394352912903, 0.5195860862731934], [0.024537229910492897, 0.9754627346992493], [0.28149789571762085, 0.7185021042823792], [0.17348098754882812, 0.8265190720558167], [0.43671345710754395, 0.563286542892456], [0.32743415236473083, 0.6725658774375916], [0.39725860953330994, 0.6027413606643677], [0.08222673833370209, 0.9177732467651367], [0.38758721947669983, 0.6124128103256226], [0.508739709854126, 0.4912603199481964], [0.6254400014877319, 0.37455999851226807], [0.45735153555870056, 0.5426484942436218], [0.13499762117862701, 0.8650023937225342], [0.057832181453704834, 0.9421678185462952], [0.2680623233318329, 0.7319376468658447], [0.36679643392562866, 0.6332035660743713], [0.28686028718948364, 0.7131397128105164], [0.06359537690877914, 0.9364045858383179], [0.5708303451538086, 0.4291696846485138], [0.21857638657093048, 0.7814235687255859], [0.020893801003694534, 0.9791061878204346], [0.03856916353106499, 0.9614308476448059], [0.1134098470211029, 0.8865901231765747], [0.06888497620820999, 0.9311150312423706], [0.141606867313385, 0.858393132686615], [0.2380519062280655, 0.7619481086730957], [0.06973618268966675, 0.9302637577056885], [0.024792516604065895, 0.975207507610321], [0.016964636743068695, 0.9830353260040283], [0.18477362394332886, 0.8152264356613159], [0.06147633120417595, 0.9385236501693726], [0.5318375825881958, 0.4681624174118042], [0.0964176133275032, 0.9035823941230774], [0.01346729975193739, 0.9865326881408691], [0.33650535345077515, 0.6634946465492249], [0.06491271406412125, 0.935087263584137], [0.0030723027884960175, 0.9969276785850525], [0.706799328327179, 0.2932007312774658], [0.04044157266616821, 0.9595584869384766], [0.005014872178435326, 0.9949851036071777], [0.06654956191778183, 0.9334504008293152], [0.07183248549699783, 0.9281675219535828], [0.016229039058089256, 0.9837709665298462], [0.6848443150520325, 0.3151557147502899], [0.2579132914543152, 0.7420867681503296], [0.256111741065979, 0.743888258934021], [0.28692448139190674, 0.7130755186080933], [0.04829784855246544, 0.9517021179199219], [0.2890183627605438, 0.7109816670417786], [0.3132040202617645, 0.6867960095405579], [0.04899991303682327, 0.9510000944137573], [0.12303505837917328, 0.8769649267196655], [0.7744301557540894, 0.22556985914707184], [0.08210763335227966, 0.917892336845398], [7.28204395272769e-05, 0.9999271631240845], [0.38697490096092224, 0.6130250692367554], [0.11445227265357971, 0.8855477571487427], [0.2376662939786911, 0.7623336911201477], [0.4494011700153351, 0.5505988001823425], [0.3522258698940277, 0.6477741599082947], [0.0056334082037210464, 0.9943665862083435], [0.706799328327179, 0.2932007312774658], 