{"true_labels": [1, 1, 1, 1, 1, 1, 0, 1, 0, 1, 1, 1, 1, 1, 1, 0, 0, 1, 1, 1, 1, 1, 1, 1, 0, 1, 1, 1, 1, 1, 1, 1, 1, 0, 1, 1, 0, 0, 1, 0, 1, 0, 0, 1, 1, 1, 1, 0, 1, 1, 1, 1, 0, 1, 1, 0, 1, 1, 0, 1, 1, 1, 1, 1, 1, 1, 1, 0, 0, 1, 1, 0, 1, 1, 1, 1, 1, 1, 0, 1, 1, 1, 1, 1, 1, 1, 0, 1, 1, 1, 0, 1, 1, 1, 1, 0, 0, 1, 0, 1, 1, 1, 1, 1, 1, 1, 1, 0, 0, 1, 1, 1, 1, 0, 0, 1, 1, 0, 1, 0, 1, 1, 1, 1, 1, 1, 1, 1, 1, 1, 1, 1, 1, 1, 1, 1, 1, 1, 1, 1, 1, 1, 1, 1, 0, 1, 1, 1, 1, 1, 1, 1, 1, 0, 1, 1, 1, 1, 1, 0, 1, 0, 1, 1, 1, 0, 1, 1, 0, 0, 1, 1, 0, 1, 1, 1, 1, 1, 1, 1, 1, 1, 1, 1, 1, 0, 1, 1, 1, 1, 1, 1, 1, 1], "pred_scores": [[0.10899252444505692, 0.8910074830055237], [0.07791230082511902, 0.9220876693725586], [0.0056224726140499115, 0.9943775534629822], [0.015055591240525246, 0.9849444031715393], [0.007021150551736355, 0.9929788708686829], [0.05203244835138321, 0.9479674696922302], [0.3776896893978119, 0.6223103404045105], [0.00906459242105484, 0.9909353852272034], [0.20233909785747528, 0.7976608872413635], [0.6592206358909607, 0.3407793641090393], [0.005752111319452524, 0.9942479133605957], [0.008623517118394375, 0.9913764595985413], [0.786453127861023, 0.21354690194129944], [0.8287662863731384, 0.17123372852802277], [0.004448269493877888, 0.9955516457557678], [0.21347351372241974, 0.7865265011787415], [0.467796266078949, 0.5322036743164062], [0.1821923851966858, 0.817807674407959], [0.29789024591445923, 0.7021097540855408], [0.003348128404468298, 0.9966519474983215], [0.05719587579369545, 0.9428040981292725], [0.00010936207399936393, 0.9998906850814819], [0.00048173239338211715, 0.9995182752609253], [0.0064198337495327, 0.9935802221298218], [0.6552675366401672, 0.34473249316215515], [0.014435838907957077, 0.9855641722679138], [0.5481114387512207, 0.4518885016441345], [0.06203269213438034, 0.9379672408103943], [0.0658862441778183, 0.9341138005256653], [0.7496598362922668, 0.25034022331237793], [0.01077217049896717, 0.9892277717590332], [0.29302024841308594, 0.7069797515869141], [0.29467421770095825, 0.7053258419036865], [0.3190225660800934, 0.6809774041175842], [0.010080588981509209, 0.9899194240570068], [0.03810176998376846, 0.9618982672691345], [0.25345391035079956, 0.7465460300445557], [0.5810445547103882, 0.41895541548728943], [0.13234396278858185, 0.8676560521125793], [0.6958466172218323, 0.3041533827781677], [0.0099836690351367, 0.9900162816047668], [0.826937735080719, 0.1730622500181198], [0.2588095963001251, 0.7411904335021973], [0.7924853563308716, 0.20751459896564484], [0.0030351330060511827, 0.9969648718833923], [0.021527491509914398, 0.9784724712371826], [0.11328671872615814, 0.8867132663726807], [0.5367931723594666, 0.4632067382335663], [0.08866246789693832, 0.9113375544548035], [0.13643251359462738, 0.8635674715042114], [0.047435909509658813, 0.9525640606880188], [0.10121165961027145, 0.898788332939148], [0.7986599802970886, 0.20134000480175018], [0.7496598362922668, 0.25034022331237793], [0.1845894306898117, 0.8154105544090271], [0.16250866651535034, 0.8374913334846497], [0.009896237403154373, 0.9901037812232971], [0.026509879156947136, 0.9734901189804077], [0.4094349145889282, 0.5905650854110718], [0.43886107206344604, 0.5611389875411987], [0.5569185018539429, 0.4430815279483795], [0.018549280241131783, 0.9814506769180298], [0.754126787185669, 0.24587315320968628], [0.008435530588030815, 0.9915645122528076], [0.2520436644554138, 0.7479562759399414], [0.8263811469078064, 0.17361891269683838], [0.025269892066717148, 0.9747300744056702], [0.7478278875350952, 0.2521721422672272], [0.89259272813797, 0.10740723460912704], [0.009655928239226341, 0.9903440475463867], [0.1536395400762558, 0.8463605046272278], [0.077824667096138, 0.9221752882003784], [0.16394610702991486, 0.8360539078712463], [0.1591528058052063, 0.8408471941947937], [0.22476722300052643, 0.7752327919006348], [0.15567144751548767, 0.8443285822868347], [0.6146438121795654, 0.3853561580181122], [0.06274713575839996, 0.9372528791427612], [0.5670024752616882, 0.4329974949359894], [0.678209125995636, 0.321790874004364], [0.060507699847221375, 0.9394922852516174], [0.5728847980499268, 0.42711523175239563], [0.08819068968296051, 0.9118092656135559], [0.7156338691711426, 0.2843661308288574], [0.01648329757153988, 0.9835167527198792], [0.11694369465112686, 0.8830562829971313], [0.7777410745620728, 0.22225889563560486], [0.30420905351638794, 0.6957910060882568], [0.00407608924433589, 0.9959238767623901], [0.5108143091201782, 0.4891856610774994], [0.8396440148353577, 0.16035594046115875], [0.07778118550777435, 0.9222187995910645], [0.44776734709739685, 0.5522326231002808], [0.06300455331802368, 0.9369954466819763], [0.07207188755273819, 0.92792809009552], [0.37953436374664307, 0.6204656362533569], [0.5614765286445618, 0.4385235011577606], [0.006318243220448494, 0.993681788444519], [0.445383220911026, 0.5546167492866516], [0.27978554368019104, 0.7202144861221313], [0.006365847308188677, 0.9936341047286987], [0.07708623260259628, 0.9229137897491455], [0.09279070794582367, 0.9072093367576599], [0.02582031860947609, 0.974179744720459], [0.01000650692731142, 0.9899935126304626], [0.009820513427257538, 0.9901795387268066], [0.17788489162921906, 0.8221151232719421], [0.2038384974002838, 0.7961615324020386], [0.5113332271575928, 0.4886668026447296], [0.2863132357597351, 0.7136867046356201], [0.7519319653511047, 0.24806804955005646], [0.09422459453344345, 0.9057754278182983], [0.2032279372215271, 0.7967721223831177], [0.22002901136875153, 0.7799709439277649], [0.8065738677978516, 0.19342613220214844], [0.325892835855484, 0.6741071939468384], [0.47619763016700745, 0.5238022804260254], [0.341263085603714, 0.6587369441986084], [0.3103301227092743, 0.6896699070930481], [0.7392102479934692, 0.26078978180885315], [0.8400905132293701, 0.1599094420671463], [0.6854190230369568, 0.314581036567688], [0.05859585478901863, 0.9414041638374329], [0.010419429279863834, 0.9895805716514587], [0.21948540210723877, 0.7805145978927612], [0.2920971214771271, 0.7079028487205505], [0.4954811632633209, 0.5045188069343567], [0.13590537011623383, 0.864094614982605], [0.2782917022705078, 0.7217082977294922], [0.33159783482551575, 0.6684021949768066], [0.007212450262159109, 0.9927875399589539], [0.04812672361731529, 0.9518733024597168], [0.15453672409057617, 0.8454632759094238], [0.029744304716587067, 0.9702557325363159], [0.33953797817230225, 0.6604620814323425], [0.7016984224319458, 0.2983015775680542], [0.19582752883434296, 0.8041725158691406], [0.05595637485384941, 0.9440435767173767], [0.04268268495798111, 0.9573173522949219], [0.1482231318950653, 0.8517768979072571], [0.2373971939086914, 0.7626028060913086], [0.2631278336048126, 0.736872136592865], [0.041009753942489624, 0.9589902758598328], [0.013750920072197914, 0.9862491488456726], [0.3871721625328064, 0.6128278374671936], [0.009628461673855782, 0.9903715252876282], [0.0021941661834716797, 0.9978058934211731], [0.38140130043029785, 0.6185986995697021], [0.04727184772491455, 0.9527282118797302], [0.00028557644691318274, 0.9997144341468811], [0.022270970046520233, 0.9777290225028992], [0.01422084029763937, 0.9857791662216187], [0.011584839783608913, 0.9884151220321655], [0.8548080325126648, 0.1451920121908188], [0.44776734709739685, 0.5522326231002808], [0.6595843434333801, 0.3404156267642975], [0.1104697659611702, 0.8895302414894104], [0.06922320276498795, 0.9307767748832703], [0.13326768577098846, 0.8667322993278503], [0.2077927589416504, 0.7922072410583496], [0.026001885533332825, 0.9739980697631836], [0.5873273015022278, 0.4126727283000946], [0.5485602617263794, 0.451439768075943], [0.20471403002738953, 0.7952859401702881], [0.00046415795804932714, 0.9995359182357788], [0.8331167697906494, 0.16688323020935059], [0.30925965309143066, 0.6907402873039246], [0.5698637962341309, 0.43013617396354675], [0.9808666706085205, 0.01913336105644703], [0.36133313179016113, 0.6386668682098389], [0.0027709773276001215, 0.9972290396690369], [0.38140130043029785, 0.6185986995697021], 