{"true_labels": [1, 1, 1, 1, 1, 1, 0, 1, 0, 1, 1, 1, 1, 1, 1, 0, 0, 1, 1, 1, 1, 1, 1, 1, 0, 1, 1, 1, 1, 1, 1, 1, 1, 0, 1, 1, 0, 0, 1, 0, 1, 0, 0, 1, 1, 1, 1, 0, 1, 1, 1, 1, 0, 1, 1, 0, 1, 1, 0, 1, 1, 1, 1, 1, 1, 1, 1, 0, 0, 1, 1, 0, 1, 1, 1, 1, 1, 1, 0, 1, 1, 1, 1, 1, 1, 1, 0, 1, 1, 1, 0, 1, 1, 1, 1, 0, 0, 1, 0, 1, 1, 1, 1, 1, 1, 1, 1, 0, 0, 1, 1, 1, 1, 0, 0, 1, 1, 0, 1, 0, 1, 1, 1, 1, 1, 1, 1, 1, 1, 1, 1, 1, 1, 1, 1, 1, 1, 1, 1, 1, 1, 1, 1, 1, 0, 1, 1, 1, 1, 1, 1, 1, 1, 0, 1, 1, 1, 1, 1, 0, 1, 0, 1, 1, 1, 0, 1, 1, 0, 0, 1, 1, 0, 1, 1, 1, 1, 1, 1, 1, 1, 1, 1, 1, 1, 0, 1, 1, 1, 1, 1, 1, 1, 1], "pred_scores": [[0.5647388100624084, 0.43526121973991394], [0.02670353278517723, 0.9732965230941772], [0.09217441082000732, 0.9078255891799927], [0.11401556432247162, 0.885984480381012], [0.038196783512830734, 0.9618031978607178], [0.015253820456564426, 0.9847462177276611], [0.2959238588809967, 0.7040761113166809], [0.16142946481704712, 0.8385705947875977], [0.45538702607154846, 0.5446129441261292], [0.4597761332988739, 0.5402239561080933], [0.09932218492031097, 0.9006778597831726], [0.053462907671928406, 0.9465370774269104], [0.532980740070343, 0.467019259929657], [0.35316354036331177, 0.6468364000320435], [0.06337596476078033, 0.9366240501403809], [0.3172599971294403, 0.6827400326728821], [0.42813345789909363, 0.571866512298584], [0.24604704976081848, 0.7539529800415039], [0.44569671154022217, 0.5543032288551331], [0.13422799110412598, 0.865772008895874], [0.05773859843611717, 0.9422613382339478], [0.008927663788199425, 0.9910723567008972], [0.005447422154247761, 0.9945525527000427], [0.06737686693668365, 0.9326230883598328], [0.5582574009895325, 0.44174259901046753], [0.06974946707487106, 0.9302505850791931], [0.7026551961898804, 0.29734480381011963], [0.0759851485490799, 0.9240148663520813], [0.0712386965751648, 0.9287612438201904], [0.5341259241104126, 0.4658740758895874], [0.08075659722089767, 0.9192433953285217], [0.6677014827728271, 0.33229851722717285], [0.6612837314605713, 0.3387162387371063], [0.36643898487091064, 0.6335610747337341], [0.04711003974080086, 0.9528899788856506], [0.1323869675397873, 0.8676130771636963], [0.23148585855960846, 0.7685141563415527], [0.9127537608146667, 0.08724620193243027], [0.23646233975887299, 0.7635376453399658], [0.5091620683670044, 0.490837961435318], [0.08828352391719818, 0.9117164015769958], [0.2586210072040558, 0.7413789629936218], [0.5529293417930603, 0.4470706284046173], [0.6378905177116394, 0.3621094822883606], [0.01296186726540327, 0.9870381355285645], [0.17980121076107025, 0.8201988339424133], [0.23792888224124908, 0.7620710730552673], [0.4733995497226715, 0.5266004800796509], [0.20572105050086975, 0.7942789793014526], [0.3524011969566345, 0.6475988030433655], [0.09979302436113358, 0.9002069234848022], [0.04694954305887222, 0.953050434589386], [0.5388669371604919, 0.46113306283950806], [0.5341259241104126, 0.4658740758895874], [0.3084385097026825, 0.6915615200996399], [0.36613020300865173, 0.6338697671890259], [0.14792661368846893, 0.8520733714103699], [0.12460184097290039, 0.8753981590270996], [0.2185126096010208, 0.7814874053001404], [0.6741087436676025, 0.32589128613471985], [0.8813208341598511, 0.11867919564247131], [0.09104343503713608, 0.9089565277099609], [0.4222131371498108, 0.5777868628501892], [0.03699749335646629, 0.9630025029182434], [0.1554812788963318, 0.8445187211036682], [0.3723721206188202, 0.6276278495788574], [0.10833261907100677, 0.891667366027832], [0.6640368700027466, 0.33596307039260864], [0.4773491621017456, 0.5226508378982544], [0.05024605244398117, 0.949753999710083], [0.3562721312046051, 0.6437278389930725], [0.47425922751426697, 0.5257407426834106], [0.5175407528877258, 0.48245924711227417], [0.3278554379940033, 0.6721445918083191], [0.39299944043159485, 0.6070005297660828], [0.09545633941888809, 0.9045436978340149], [0.5429373383522034, 0.457062691450119], [0.04059922322630882, 0.9594007730484009], [0.7537904977798462, 0.24620948731899261], [0.4891003668308258, 0.5108996033668518], [0.181246817111969, 0.818753182888031], [0.558617889881134, 0.44138213992118835], [0.37721917033195496, 0.6227808594703674], [0.2598741352558136, 0.7401259541511536], [0.08979955315589905, 0.9102004766464233], [0.4165452718734741, 0.5834546685218811], [0.5630730986595154, 0.43692684173583984], [0.6981044411659241, 0.3018955886363983], [0.06352104246616364, 0.9364789724349976], [0.7394620776176453, 0.26053789258003235], [0.8596038222312927, 0.1403961479663849], [0.04904196038842201, 0.9509580135345459], [0.5892906785011292, 0.4107092618942261], [0.05723067745566368, 0.9427693486213684], [0.5615041255950928, 0.43849581480026245], [0.2337709218263626, 0.7662290930747986], [0.44235512614250183, 0.5576449036598206], [0.0542132630944252, 0.945786714553833], [0.4402972161769867, 0.5597027540206909], [0.28674644231796265, 0.7132535576820374], [0.07167530059814453, 0.9283247590065002], [0.11645469814538956, 0.8835452795028687], [0.14427593350410461, 0.855724036693573], [0.04138483107089996, 0.9586151242256165], [0.15046891570091248, 0.8495310544967651], [0.045707546174526215, 0.9542924761772156], [0.3617666959762573, 0.6382333040237427], [0.8244462609291077, 0.17555376887321472], [0.5837470889091492, 0.41625288128852844], [0.6550746560096741, 0.3449253737926483], [0.6020942330360413, 0.39790579676628113], [0.13901196420192719, 0.8609880208969116], [0.6744651794433594, 0.325534850358963], [0.22503477334976196, 0.774965226650238], [0.7687874436378479, 0.2312125861644745], [0.46102455258369446, 0.5389754176139832], [0.2028510868549347, 0.7971488833427429], [0.4141826927661896, 0.5858173370361328], [0.7184019088745117, 0.28159815073013306], [0.895967423915863, 0.10403253138065338], [0.76698237657547, 0.2330176681280136], [0.6883771419525146, 0.31162285804748535], [0.19952145218849182, 0.8004785776138306], [0.05591552332043648, 0.9440844655036926], [0.5305629968643188, 0.4694370627403259], [0.6752263307571411, 0.3247736692428589], [0.449600487947464, 0.5503996014595032], [0.08297642320394516, 0.9170235991477966], [0.5768105387687683, 0.4231893718242645], [0.5380886197090149, 0.4619114398956299], [0.037662047892808914, 0.9623380303382874], [0.1443306803703308, 0.8556693196296692], [0.138288676738739, 0.861711323261261], [0.1941821128129959, 0.8058179020881653], [0.5064617991447449, 0.49353817105293274], [0.2976659834384918, 0.7023340463638306], [0.08846001327037811, 0.9115399718284607], [0.1014341339468956, 0.8985658288002014], [0.09380583465099335, 0.9061942100524902], [0.4981899857521057, 0.5018100738525391], [0.11652939766645432, 0.8834705948829651], [0.757712185382843, 0.24228782951831818], [0.11995238810777664, 0.880047619342804], [0.057946231216192245, 0.9420537352561951], [0.33148249983787537, 0.6685174703598022], [0.08025078475475311, 0.9197492599487305], [0.012571362778544426, 0.987428605556488], [0.36529988050460815, 0.6347001194953918], [0.1313701570034027, 0.8686298727989197], [0.017548203468322754, 0.982451856136322], [0.06246460601687431, 0.9375353455543518], [0.04008055105805397, 0.9599193930625916], [0.06927415728569031, 0.9307258725166321], [0.7643159031867981, 0.2356840968132019], [0.5892906785011292, 0.4107092618942261], [0.6368741989135742, 0.3631258010864258], [0.44967758655548096, 0.5503223538398743], [0.19689278304576874, 0.8031072020530701], [0.11595690995454788, 0.8840430974960327], [0.4652897119522095, 0.5347102284431458], [0.22015008330345154, 0.7798498868942261], [0.487589955329895, 0.5124101042747498], [0.7698002457618713, 0.23019972443580627], [0.1975235491991043, 0.8024764657020569], [0.005894878879189491, 0.9941051006317139], [0.675102710723877, 0.32489731907844543], [0.289119154214859, 0.7108808755874634], [0.18830238282680511, 0.8116976618766785], [0.49318715929985046, 0.5068129301071167], [0.4299114942550659, 0.5700885057449341], [0.03641658276319504, 0.9635833501815796], [0.36529988050460815, 0.6347001194953918], [0.33273014426231384, 0.6672698259353638], [0.24604704976081848, 