{"true_labels": [1, 1, 1, 1, 1, 1, 0, 1, 0, 1, 1, 1, 1, 1, 1, 0, 0, 1, 1, 1, 1, 1, 1, 1, 0, 1, 1, 1, 1, 1, 1, 1, 1, 0, 1, 1, 0, 0, 1, 0, 1, 0, 0, 1, 1, 1, 1, 0, 1, 1, 1, 1, 0, 1, 1, 0, 1, 1, 0, 1, 1, 1, 1, 1, 1, 1, 1, 0, 0, 1, 1, 0, 1, 1, 1, 1, 1, 1, 0, 1, 1, 1, 1, 1, 1, 1, 0, 1, 1, 1, 0, 1, 1, 1, 1, 0, 0, 1, 0, 1, 1, 1, 1, 1, 1, 1, 1, 0, 0, 1, 1, 1, 1, 0, 0, 1, 1, 0, 1, 0, 1, 1, 1, 1, 1, 1, 1, 1, 1, 1, 1, 1, 1, 1, 1, 1, 1, 1, 1, 1, 1, 1, 1, 1, 0, 1, 1, 1, 1, 1, 1, 1, 1, 0, 1, 1, 1, 1, 1, 0, 1, 0, 1, 1, 1, 0, 1, 1, 0, 0, 1, 1, 0, 1, 1, 1, 1, 1, 1, 1, 1, 1, 1, 1, 1, 0, 1, 1, 1, 1, 1, 1, 1, 1], "pred_scores": [[0.10188187658786774, 0.8981180787086487], [0.08199732005596161, 0.918002724647522], [0.004938127938657999, 0.9950618147850037], [0.013776945881545544, 0.986223042011261], [0.009773043915629387, 0.9902269840240479], [0.046840034425258636, 0.9531599283218384], [0.3586585521697998, 0.641341507434845], [0.011924507096409798, 0.9880754947662354], [0.18154874444007874, 0.8184512257575989], [0.6390817761421204, 0.36091816425323486], [0.006450613960623741, 0.9935494065284729], [0.009136847220361233, 0.9908632040023804], [0.7376331090927124, 0.2623668611049652], [0.7970753908157349, 0.20292459428310394], [0.0037828581407666206, 0.9962171912193298], [0.20431873202323914, 0.7956812381744385], [0.4515978693962097, 0.5484020709991455], [0.1763859987258911, 0.8236140608787537], [0.3161543011665344, 0.6838456988334656], [0.0033972598612308502, 0.9966027736663818], [0.04332931712269783, 0.9566707015037537], [8.44374080770649e-05, 0.999915599822998], [0.00031977592152543366, 0.9996802806854248], [0.005060190334916115, 0.9949398040771484], [0.6717110276222229, 0.3282890021800995], [0.013208555057644844, 0.9867913722991943], [0.5436165928840637, 0.4563834071159363], [0.04549267515540123, 0.9545072913169861], [0.07504447549581528, 0.9249554872512817], [0.7284191846847534, 0.2715807855129242], [0.010868849232792854, 0.9891312122344971], [0.27185943722724915, 0.7281405925750732], [0.30543333292007446, 0.6945666670799255], [0.2534700930118561, 0.7465298771858215], [0.007997666485607624, 0.9920023679733276], [0.029965564608573914, 0.9700344800949097], [0.2554216980934143, 0.7445783019065857], [0.5297998785972595, 0.4702000617980957], [0.13244090974330902, 0.8675591349601746], [0.6742357015609741, 0.3257642686367035], [0.006464062258601189, 0.9935359954833984], [0.8054368495941162, 0.19456316530704498], [0.27886655926704407, 0.7211334705352783], [0.7951168417930603, 0.20488324761390686], [0.0026935283094644547, 0.9973064661026001], [0.01958608068525791, 0.9804139733314514], [0.12106739729642868, 0.8789325952529907], [0.5207091569900513, 0.47929084300994873], [0.09698794782161713, 0.9030120372772217], [0.15004649758338928, 0.8499535322189331], [0.05741141363978386, 0.9425886273384094], [0.09003809839487076, 0.9099619388580322], [0.7918933033943176, 0.20810675621032715], [0.7284191846847534, 0.2715807855129242], [0.1823829710483551, 0.8176170587539673], [0.14198464155197144, 0.8580152988433838], [0.011194393038749695, 0.9888056516647339], [0.028129564598202705, 0.9718704223632812], [0.39205747842788696, 0.6079424619674683], [0.44459035992622375, 0.5554096698760986], [0.5575760006904602, 0.4424239695072174], [0.01962713524699211, 0.9803727865219116], [0.7318163514137268, 0.2681836485862732], [0.00841436255723238, 0.9915856122970581], [0.20996177196502686, 0.7900381684303284], [0.8288248181343079, 0.17117519676685333], [0.025399789214134216, 0.9746001958847046], [0.780147910118103, 0.21985210478305817], [0.8726485371589661, 0.12735141813755035], [0.009277774021029472, 0.9907222986221313], [0.1612778902053833, 0.8387220501899719], [0.072453573346138, 0.9275463819503784], [0.16414929926395416, 0.835850715637207], [0.1468445509672165, 0.8531554341316223], [0.21808910369873047, 0.7819109559059143], [0.14444707334041595, 0.8555529117584229], [0.5857391953468323, 0.41426077485084534], [0.0687837153673172, 0.931216299533844], [0.5214557647705078, 0.4785442650318146], [0.6447461247444153, 0.3552538752555847], [0.059434935450553894, 0.9405650496482849], [0.5484371781349182, 0.4515628218650818], [0.07354661077260971, 0.9264533519744873], [0.6851432919502258, 0.31485670804977417], [0.015495614148676395, 0.9845043420791626], [0.10443674772977829, 0.8955631852149963], [0.7962542772293091, 0.20374570786952972], [0.3125477731227875, 0.6874521970748901], [0.00400509312748909, 0.9959949254989624], [0.4811459481716156, 0.518854022026062], [0.8211396336555481, 0.1788603812456131], [0.08214157074689865, 0.9178584218025208], [0.45382246375083923, 0.5461775660514832], [0.06327447295188904, 0.9367255568504333], [0.07697133719921112, 0.9230286478996277], [0.32313644886016846, 0.6768635511398315], [0.5857388377189636, 0.414261132478714], [0.005889510735869408, 0.9941105246543884], [0.4767354726791382, 0.523264467716217], [0.2606876790523529, 0.7393123507499695], [0.004725382663309574, 0.995274543762207], [0.0652451366186142, 0.9347548484802246], [0.09449587017297745, 0.9055041074752808], [0.02294253557920456, 0.9770574569702148], [0.008774093352258205, 0.9912258982658386], [0.008465255610644817, 0.9915347695350647], [0.16278819739818573, 0.8372118473052979], [0.18349656462669373, 0.8165034651756287], [0.5013533234596252, 0.49864664673805237], [0.2754833698272705, 0.7245165705680847], [0.7391577363014221, 0.26084232330322266], [0.09758391231298447, 0.9024160504341125], [0.21362066268920898, 0.786379337310791], [0.25992533564567566, 0.7400746941566467], [0.8165751695632935, 0.18342489004135132], [0.3240945339202881, 0.6759054064750671], [0.4354149401187897, 0.5645851492881775], [0.3464715778827667, 0.6535285115242004], [0.35624217987060547, 0.6437577605247498], [0.7476206421852112, 0.2523793578147888], [0.8530306816101074, 0.14696931838989258], [0.6543720364570618, 0.34562793374061584], [0.052865974605083466, 0.9471340179443359], [0.008050155825912952, 0.9919497966766357], [0.2348816990852356, 0.7651183009147644], [0.3161698281764984, 0.683830201625824], [0.464194655418396, 0.535805344581604], [0.15174275636672974, 0.848257303237915], [0.29059216380119324, 0.7094078660011292], [0.32553133368492126, 0.6744686961174011], [0.007923470810055733, 0.9920765161514282], [0.03513267636299133, 0.964867353439331], [0.15987980365753174, 0.8401201367378235], [0.021836990490555763, 0.9781630635261536], [0.3405817151069641, 0.6594182848930359], [0.6741675138473511, 0.32583242654800415], [0.19777263700962067, 0.8022273182868958], [0.04943280667066574, 0.9505671858787537], [0.026945121586322784, 0.9730548858642578], [0.13499204814434052, 0.8650079369544983], [0.23235641419887543, 0.7676435708999634], [0.2500471770763397, 0.7499528527259827], [0.043567027896642685, 0.9564329981803894], [0.011045617051422596, 0.9889544248580933], [0.40939074754714966, 0.5906091928482056], [0.00834684632718563, 0.9916531443595886], [0.0016212774207815528, 0.9983787536621094], [0.3741439878940582, 0.6258560419082642], [0.04567226395010948, 0.9543277621269226], [0.0002784517128020525, 0.9997215867042542], [0.018518108874559402, 0.9814819097518921], [0.01425502821803093, 0.9857450127601624], [0.010120432823896408, 0.9898796081542969], [0.8166226148605347, 0.18337737023830414], [0.45382246375083923, 0.5461775660514832], [0.639478325843811, 0.36052167415618896], [0.10474605858325958, 0.8952538967132568], [0.05937933176755905, 0.9406206011772156], [0.1357497274875641, 0.8642502427101135], [0.2185543030500412, 0.7814456224441528], [0.02321789413690567, 0.9767821431159973], [0.6108087301254272, 0.3891911804676056], [0.5100377798080444, 0.4899621903896332], [0.17798809707164764, 0.8220118880271912], [0.00035966566065326333, 0.9996403455734253], [0.810210645198822, 0.18978936970233917], [0.26422318816185, 0.7357768416404724], [0.5679890513420105, 0.43201085925102234], [0.9792507886886597, 0.020749201998114586], [0.35652801394462585, 0.6434719562530518], [0.002782317576929927, 0.9972176551818848], [0.3741439878940582, 0.6258560419082642], 