{"true_labels": [1, 1, 1, 1, 1, 1, 0, 1, 0, 1, 1, 1, 1, 1, 1, 0, 0, 1, 1, 1, 1, 1, 1, 1, 0, 1, 1, 1, 1, 1, 1, 1, 1, 0, 1, 1, 0, 0, 1, 0, 1, 0, 0, 1, 1, 1, 1, 0, 1, 1, 1, 1, 0, 1, 1, 0, 1, 1, 0, 1, 1, 1, 1, 1, 1, 1, 1, 0, 0, 1, 1, 0, 1, 1, 1, 1, 1, 1, 0, 1, 1, 1, 1, 1, 1, 1, 0, 1, 1, 1, 0, 1, 1, 1, 1, 0, 0, 1, 0, 1, 1, 1, 1, 1, 1, 1, 1, 0, 0, 1, 1, 1, 1, 0, 0, 1, 1, 0, 1, 0, 1, 1, 1, 1, 1, 1, 1, 1, 1, 1, 1, 1, 1, 1, 1, 1, 1, 1, 1, 1, 1, 1, 1, 1, 0, 1, 1, 1, 1, 1, 1, 1, 1, 0, 1, 1, 1, 1, 1, 0, 1, 0, 1, 1, 1, 0, 1, 1, 0, 0, 1, 1, 0, 1, 1, 1, 1, 1, 1, 1, 1, 1, 1, 1, 1, 0, 1, 1, 1, 1, 1, 1, 1, 1], "pred_scores": [[0.2638668119907379, 0.7361332178115845], [0.026077421382069588, 0.9739225506782532], [0.02419731765985489, 0.9758027195930481], [0.139210507273674, 0.8607894778251648], [0.009618718177080154, 0.9903813004493713], [0.030063830316066742, 0.9699361324310303], [0.33119136095046997, 0.66880863904953], [0.026858005672693253, 0.9731420278549194], [0.426114559173584, 0.5738853812217712], [0.30757781863212585, 0.6924221515655518], [0.008164994418621063, 0.9918349981307983], [0.03953073173761368, 0.9604692459106445], [0.39546626806259155, 0.6045337319374084], [0.7483540177345276, 0.2516459822654724], [0.005319552030414343, 0.9946804642677307], [0.2371954470872879, 0.7628046274185181], [0.34239158034324646, 0.6576083898544312], [0.08867359906435013, 0.9113263487815857], [0.4811108112335205, 0.5188891291618347], [0.02778518572449684, 0.9722148180007935], [0.09214364737272263, 0.9078563451766968], [0.0006865138420835137, 0.999313473701477], [0.0011452148901298642, 0.9988547563552856], [0.00549266766756773, 0.994507372379303], [0.28117966651916504, 0.718820333480835], [0.003396823303773999, 0.9966031312942505], [0.7626486420631409, 0.23735138773918152], [0.03788325563073158, 0.9621167182922363], [0.10882565379142761, 0.89117431640625], [0.6351150274276733, 0.3648849427700043], [0.004098132718354464, 0.995901882648468], [0.3611955940723419, 0.6388043761253357], [0.5685835480690002, 0.43141645193099976], [0.5007041096687317, 0.4992959201335907], [0.01415304560214281, 0.9858469367027283], [0.012031840160489082, 0.9879680871963501], [0.10773464292287827, 0.8922653794288635], [0.4197114408016205, 0.5802885293960571], [0.06774668395519257, 0.9322533011436462], [0.3949076533317566, 0.6050923466682434], [0.004743065219372511, 0.9952569603919983], [0.48501136898994446, 0.5149886012077332], [0.12460890412330627, 0.8753911256790161], [0.4349740743637085, 0.5650259256362915], [0.005480557680130005, 0.9945194125175476], [0.012433921918272972, 0.9875659942626953], [0.12742780148983002, 0.8725721836090088], [0.30999380350112915, 0.6900062561035156], [0.09927644580602646, 0.9007235765457153], [0.3917514383792877, 0.6082485914230347], [0.17219185829162598, 0.827808141708374], [0.054430536925792694, 0.9455694556236267], [0.7348596453666687, 0.2651403248310089], [0.6351150274276733, 0.3648849427700043], [0.056308452039957047, 0.9436915516853333], [0.1230148896574974, 0.8769850730895996], [0.01722436398267746, 0.9827756285667419], [0.03464193642139435, 0.9653580188751221], [0.34515848755836487, 0.6548414826393127], [0.2649809718132019, 0.7350190877914429], [0.7779679894447327, 0.22203202545642853], [0.017116021364927292, 0.9828839898109436], [0.6248862743377686, 0.37511369585990906], [0.02957272157073021, 0.9704272747039795], [0.20595183968544006, 0.7940481305122375], [0.7499505877494812, 0.25004950165748596], [0.025447804480791092, 0.9745521545410156], [0.5316385626792908, 0.468361496925354], [0.6980841159820557, 0.30191588401794434], [0.0951802209019661, 0.9048197865486145], [0.20349399745464325, 0.7965060472488403], [0.07696220278739929, 0.9230377674102783], [0.17586277425289154, 0.8241371512413025], [0.3694324791431427, 0.6305675506591797], [0.15374892950057983, 0.8462511301040649], [0.05270665884017944, 0.9472932815551758], [0.4410669803619385, 0.5589330196380615], [0.013720531947910786, 0.9862794876098633], [0.3823060691356659, 0.6176939606666565], [0.3975944221019745, 0.6024055480957031], [0.02687353827059269, 0.9731264710426331], [0.4409330487251282, 0.5590670108795166], [0.1751427799463272, 0.8248571753501892], [0.3587283790111542, 0.6412715911865234], [0.18865880370140076, 0.8113412261009216], [0.2909604012966156, 0.7090396285057068], [0.8249989748001099, 0.17500095069408417], [0.2130029946565628, 0.7869970798492432], [0.02134612388908863, 0.9786538481712341], [0.4623148739337921, 0.5376850962638855], [0.5827439427375793, 0.4172561466693878], [0.13850224018096924, 0.8614977598190308], [0.45522448420524597, 0.5447756052017212], [0.08755476772785187, 0.9124452471733093], [0.09501281380653381, 0.9049872159957886], [0.09524594992399216, 0.9047540426254272], [0.5886421203613281, 0.4113578796386719], [0.0847063735127449, 0.9152935743331909], [0.35210123658180237, 0.6478987336158752], [0.3104781210422516, 0.689521849155426], [0.003938056528568268, 0.9960619807243347], [0.033048879355192184, 0.9669510722160339], [0.2521812915802002, 0.747818648815155], [0.02087211050093174, 0.9791279435157776], [0.0251424852758646, 0.9748575091362], [0.038277748972177505, 0.9617222547531128], [0.3163703978061676, 0.6836296319961548], [0.4701940715312958, 0.5298058390617371], [0.37998077273368835, 0.620019257068634], [0.30378490686416626, 0.6962150931358337], [0.8971010446548462, 0.10289894789457321], [0.018494803458452225, 0.9815052151679993], [0.5561642646789551, 0.44383567571640015], [0.12262918800115585, 0.8773707747459412], [0.4073299169540405, 0.5926701426506042], [0.33999910950660706, 0.6600008606910706], [0.4599778950214386, 0.540022075176239], [0.2010136991739273, 0.7989862561225891], [0.22740791738033295, 0.7725920081138611], [0.8510943651199341, 0.1489056944847107], [0.6570786833763123, 0.3429213762283325], [0.43774542212486267, 0.5622546076774597], [0.04726569354534149, 0.9527342915534973], [0.007020259741693735, 0.9929797053337097], [0.18696331977844238, 0.8130367398262024], [0.4647746682167053, 0.5352253913879395], [0.6863569617271423, 0.31364306807518005], [0.00727030448615551, 0.9927297234535217], [0.5453727841377258, 0.4546271562576294], [0.28703540563583374, 0.7129645943641663], [0.05164799094200134, 0.948352038860321], [0.03714283928275108, 0.962857186794281], [0.09052766859531403, 0.9094723463058472], [0.12441524863243103, 0.8755847215652466], [0.5552588701248169, 0.4447411298751831], [0.6646715402603149, 0.33532842993736267], [0.06101679801940918, 0.938983142375946], [0.17420785129070282, 0.825792133808136], [0.019590573385357857, 0.9804095029830933], [0.33603858947753906, 0.6639614105224609], [0.04736392945051193, 0.9526360034942627], [0.39454370737075806, 0.6054562330245972], [0.02484307810664177, 0.9751569032669067], [0.014519714750349522, 0.9854802489280701], [0.3393628001213074, 0.6606371402740479], [0.003219866193830967, 0.9967801570892334], [0.003562427591532469, 0.9964375495910645], [0.2616960108280182, 0.7383040189743042], [0.15187938511371613, 0.8481205701828003], [0.0030306922271847725, 0.9969692826271057], [0.0023359847255051136, 0.9976639747619629], [0.02347469888627529, 0.9765253067016602], [0.02230539545416832, 0.9776946306228638], [0.8215343952178955, 0.1784655749797821], [0.45522448420524597, 0.5447756052017212], [0.48950663208961487, 0.5104933977127075], [0.6127656698226929, 0.38723427057266235], [0.2166663408279419, 0.7833336591720581], [0.15648074448108673, 0.8435192108154297], [0.6301265358924866, 0.3698734641075134], [0.030770614743232727, 0.9692294001579285], [0.4184400737285614, 0.581559956073761], [0.5425047874450684, 0.45749518275260925], [0.36087849736213684, 0.6391215324401855], [0.0015613515861332417, 0.9984386563301086], [0.5336303114891052, 0.4663696587085724], [0.5075106620788574, 0.4924893379211426], [0.5240509510040283, 0.47594910860061646], [0.7468842267990112, 0.253115713596344], [0.18411457538604736, 0.8158854842185974], [0.011193917132914066, 0.9888061285018921], [0.2616960108280182, 0.7383040189743042], [0.2108127474784851, 